Workbook

Sheet Summary
A1: Enigmatrix — Module 1 Development Evaluation
A2: Whole-project build vs the 16_M1_Development_Roadmap · owner Mohamed M.R.I (215075J) · generated 2026-06-30 (through Session 69, F-238)
A4: Metric | B4: Value | C4: Notes
A5: Total features tracked | B5: =COUNTA('Feature Register'!$A$2:$A$216) -> 215 | C5: F-01 … F-238
A6: Features Done | B6: =COUNTIF('Feature Register'!$D$2:$D$216,"Done") -> 204 | C6: done
A7: Features In Progress | B7: =COUNTIF('Feature Register'!$D$2:$D$216,"In Progress") -> 7 | C7: scaffolded/partial
A8: Features Not Started | B8: =COUNTIF('Feature Register'!$D$2:$D$216,"Not Started") -> 3 | C8: planned
A9: Feature completion % | B9: =IF(B5=0,0,B6/B5) -> 0.94883721 | C9: Done / total
A10: Roadmap completion (weighted) | B10: =AVERAGE('Roadmap vs Actual'!$H$2:$H$20) -> 0.65789474 | C10: Done=1, In Progress=0.5
A11: Manual tests runnable now | B11: =COUNTIF('Manual Test Plan'!$H$8:$H$100,"Now") -> 7 | C11: flows runnable today
A12: Phase 1 | B12: =AVERAGEIF('Roadmap vs Actual'!$A$2:$A$20,"Phase 1*",'Roadmap vs Actual'!$H$2:$H$20) -> 1 | C12: complete
A13: Phase 2 | B13: =AVERAGEIF('Roadmap vs Actual'!$A$2:$A$20,"Phase 2*",'Roadmap vs Actual'!$H$2:$H$20) -> 1 | C13: complete (+upgrade)
A14: Phase 3 | B14: =AVERAGEIF('Roadmap vs Actual'!$A$2:$A$20,"Phase 3*",'Roadmap vs Actual'!$H$2:$H$20) -> 0.5 | C14: model/eval/wiring built; 3c pending
A15: Phase 4 | B15: =AVERAGEIF('Roadmap vs Actual'!$A$2:$A$20,"Phase 4*",'Roadmap vs Actual'!$H$2:$H$20) -> 0.5 | C15: 4a/4b/4c code-complete
A16: Phase 5 | B16: =AVERAGEIF('Roadmap vs Actual'!$A$2:$A$20,"Phase 5*",'Roadmap vs Actual'!$H$2:$H$20) -> 0.33333333 | C16: 5b built; survey+5c pending
A18: Verdict
A19: Phases 1–2 shipped in production. Phase 3 classifier is code-complete (model, eval, ONNX inference wiring) pending gold labels (3c) + a GPU training run. Phase 4 is code-complete end-to-end — watchers → propagation events (4a), sector-matched alerts + a public/SME website /alerts feed (4b), and nightly lag materialized views + KL drift (4c) — pending migrations + live data. Phase 5 has the F1–F6 findings notebooks built (5b, on a synthetic demo) pending the survey (5a) + real data. Remaining pure-code piece: 5c retraining/rollback.

Sheet Feature Register
A1: ID | B1: Session | C1: Area | D1: Status | E1: Feature
A2: F-01 | B2: — | C2: Platform/Foundation | D2: Done | E2: Monorepo scaffold (`backend/ frontend/ ml/ infra/ docs/tracker/ scripts/`) + root configs | 🟢 | `BUILD_02 §1–§6` | `tree -L 2` matches §1 layout |
A3: F-02 | B3: — | C3: Platform/Foundation | D3: Done | E3: Dev infrastructure: `docker-compose.dev.yml` + `infra/postgres/init.sql` | 🟢 | `BUILD_04 §2` | `make up` brings Postgres healthy |
A4: F-03 | B4: — | C4: Platform/Foundation | D4: Done | E4: `.gitignore`, `.env.example`, `Makefile`, root `README.md`, pre-commit | 🟢 | `BUILD_01 §6` | `pre-commit install` succeeds |
A5: F-04 | B5: — | C5: Platform/Foundation | D5: Done | E5: Tracker bootstrap (`docs/tracker/{README,FEATURES,SESSIONS,CHANGES}.md`) | 🟢 | this plan | All four files exist |
A6: F-05 | B6: — | C6: Platform/Foundation | D6: Done | E6: FastAPI app: `main.py`, `settings.py`, `logging_config.py`, `exceptions.py`, `deps.py` | 🟢 | `BUILD_03 §3–§7` | `GET /health` returns 200 (verified on
A7: F-06 | B7: — | C7: Platform/Foundation | D7: Done | E7: Pydantic v2 settings with `DATABASE_URL` (asyncpg) + `JWT_SECRET` + `CORS_ORIGINS` | 🟢 | `BUILD_03 §3` | `app/settings.py` boots with `.env` |
A8: F-07 | B8: — | C8: Platform/Foundation | D8: Done | E8: SQLAlchemy 2.0 async session + `DeclarativeBase` + `TimestampMixin` | 🟢 | `BUILD_04 §3` | `db_session` fixture in `conftest.py` validates round-trip |
A9: F-08 | B9: — | C9: M1 Awareness | D9: Done | E9: ORM models: `User`, `SMEProfile`, `SurveyResponse`, `AuditLog` | 🟢 | `BUILD_04 §5` + `research/06 §4` | `python -m compileall app` clean; models regis
A10: F-09 | B10: — | C10: Platform/Foundation | D10: Done | E10: Alembic init + initial migration (`202605080001_initial_schema.py`) | 🟢 | `BUILD_04 §4` | `alembic upgrade head` succeeds on fresh DB (verified at run
A11: F-10 | B11: — | C11: Platform/Foundation | D11: Done | E11: Auth: `core/security.py` (bcrypt + HS256 JWT access/refresh) | 🟢 | `BUILD_06 §2` | `tests/unit/test_security.py` round-trips access + refresh |
A12: F-11 | B12: — | C12: Platform/Foundation | D12: Done | E12: Auth service + schemas + router (`/auth/register`, `/auth/login`, `/auth/refresh`) | 🟢 | `BUILD_06 §3–§5` | Integration test passes register + login |
... A216: F-238 | B216: S69 | C216: M1 Awareness | D216: In Progress | E216: Phase 5b — 4 findings notebooks F1–F6 (Session 69).

Sheet Roadmap vs Actual
A1: Phase | B1: Step | C1: Planned | D1: Definition of Done | E1: Status | F1: Evidence | G1: Notes | H1: Score
A2: Phase 1 — Foundation | B2: — | C2: Admin regulation CRUD+verify, audit, unified survey, seed | D2: Shipped | E2: Done | F2: F-65..F-97 (S6–22) | G2: Baseline. | H2: =IF(E2="Done",1,IF(E2="In Progress",0.5,0)) -> 1
A3: Phase 2 — Ingest+Extract | B3: 2a Scrapy spider | C3: gazette/weekly/acts/bills → ingested | D3: N ingested rows | E3: Done | F3: F-144/145 (S23) | H3: =IF(E3="Done",1,IF(E3="In Progress",0.5,0)) -> 1
A4: Phase 2 — Ingest+Extract | B4: 2b Celery extract | C4: extract_gazette → extracted | D4: row→extracted | E4: Done | F4: F-148 (S26) | H4: =IF(E4="Done",1,IF(E4="In Progress",0.5,0)) -> 1
A5: Phase 2 — Ingest+Extract | B5: 2c Extraction chain | C5: ml/m1/extraction multi-engine | D5: ≥95% classify | E5: Done | F5: F-149 (S28) | H5: =IF(E5="Done",1,IF(E5="In Progress",0.5,0)) -> 1
A6: Phase 2 — Ingest+Extract | B6: 2d Lang+Wijesekara | C6: fastText + legacy Sinhala | D6: ≥95% lang acc | E6: Done | F6: F-153 (S30) | H6: =IF(E6="Done",1,IF(E6="In Progress",0.5,0)) -> 1
A7: Phase 2 — Ingest+Extract | B7: 2e/2f Preprocess+persist | C7: cleaning+metadata+chunk → preprocessed | D7: metadata populated | E7: Done | F7: F-154/155 (S31/32) | H7: =IF(E7="Done",1,IF(E7="In Progress",0.5,0)) -> 1
A8: Phase 2 — Ingest+Extract | B8: Upgrade (slices 1–9) | C8: datasets+profiles+measurement engine | D8: measure extraction quality | E8: Done | F8: F-200..F-215 (S57–60) | G8: Beyond original. | H8: =IF(E8="Done",1,IF(E8="In Progress",0.5,0)) -> 1
A9: Phase 3 — Annotation+Classify | B9: 3a LS + calibration | C9: LS config + calibration set | D9: κ≥0.80 | E9: In Progress | F9: F-216/217 (S61) | G9: annotators pending. | H9: =IF(E9="Done",1,IF(E9="In Progress",0.5,0)) -> 0.5
A10: Phase 3 — Annotation+Classify | B10: 3b Sampling | C10: samplers + batch_01 | D10: batch_01 200 | E10: Done | F10: F-218-220 (S61) | H10: =IF(E10="Done",1,IF(E10="In Progress",0.5,0)) -> 1
A11: Phase 3 — Annotation+Classify | B11: 3c Gold ≥800 | C11: annotate to 800 | D11: 800 gold κ≥0.75 | E11: Not Started | F11: planned F-222 | G11: needs annotators. | H11: =IF(E11="Done",1,IF(E11="In Progress",0.5,0)) -> 0
A12: Phase 3 — Annotation+Classify | B12: 3d Train XLM-R+LoRA | C12: m1/model + training | D12: 3-seed F1≥0.92 | E12: In Progress | F12: F-226 (S63) | G12: scaffold built; train pending. | H12: =IF(E12="Done",1,IF(E12="In Progress",0.5,0)) -> 0.5
A13: Phase 3 — Annotation+Classify | B13: 3e Eval+baselines | C13: eval.py + baselines.py | D13: no slice cliff>8pp | E13: In Progress | F13: F-227 (S64) | G13: scaffold built. | H13: =IF(E13="Done",1,IF(E13="In Progress",0.5,0)) -> 0.5
A14: Phase 3 — Annotation+Classify | B14: 3f ONNX+wiring | C14: export+inference+classify_gazette | D14: INT8 1.5pp; p95≤2s | E14: In Progress | F14: F-228 (S65) | G14: wired; export/deploy pending model. | H14: =IF(E14="Done",1,IF(E14="In Progress",0.5,0)) -> 0.5
A15: Phase 4 — Schedulers+Alerts+Lag | B15: 4a Portal+RSS watchers | C15: watchers → m1_propagation_events | D15: events w/ confidence | E15: In Progress | F15: F-229-231 (S66) | G15: built+matcher tested; live pending network. | H15: =IF(E15="Done",1,IF(E15="In Progress",0.5,0)) -> 0.5
A16: Phase 4 — Schedulers+Alerts+Lag | B16: 4b Alert dispatch + web feed | C16: in-app/email/SMS + /alerts page | D16: ≤1h; idempotent | E16: In Progress | F16: F-232-234 (S67) | G16: built; live pending migration/keys. | H16: =IF(E16="Done",1,IF(E16="In Progress",0.5,0)) -> 0.5
A17: Phase 4 — Schedulers+Alerts+Lag | B17: 4c Nightly view refresh + drift | C17: materialized views + KL drift | D17: drift fires | E17: In Progress | F17: F-235-236 (S68) | G17: built+drift tested; live pending data. | H17: =IF(E17="Done",1,IF(E17="In Progress",0.5,0)) -> 0.5
A18: Phase 5 — Findings+Survey | B18: 5a SME survey deployment | C18: wire /portal/m1/survey; outreach | D18: ≥100 respondents | E18: In Progress | F18: M0 survey F-33-36 | G18: instrument live; fieldwork pending. | H18: =IF(E18="Done",1,IF(E18="In Progress",0.5,0)) -> 0.5
A19: Phase 5 — Findings+Survey | B19: 5b F1–F6 findings notebooks | C19: 4 findings_*.ipynb + preregistration | D19: median+CI+test each | E19: In Progress | F19: F-237-238 (S69) | G19: built+demo runs; real data pending. | H19: =IF(E19="Done",1,IF(E19="In Progress",0.5,0)) -> 0.5
A20: Phase 5 — Findings+Survey | B20: 5c Retraining + rollback | C20: retrain + canary | D20: dry-run + rollback | E20: Not Started | F20: — | G20: pure code, next. | H20: =IF(E20="Done",1,IF(E20="In Progress",0.5,0)) -> 0

Sheet Manual Test Plan
A1: Manual Test Plan — flows, expected outcomes & next steps
A2: One test per segment (done + pending + not-started). "Runnable" = can you run it today.
A4: Runnable now | B4: =COUNTIF($H$8:$H$100,"Now") -> 7
A5: Pending (prereq) | B5: =COUNTIF($H$8:$H$100,"Pending*") -> 8
A6: Not built yet | B6: =COUNTIF($H$8:$H$100,"Not built*") -> 2
A7: Test ID | B7: Phase / Segment | C7: Feature | D7: Why (objective) | E7: Preconditions | F7: Test steps (flow) | G7: Expected outcome | H7: Runnable | I7: Status | J7: What next
A8: T-01 | B8: Phase 1 · CRUD | C8: Admin regulation CRUD | D8: Confirm regs enterable + verifiable (ground truth). | E8: Backend+frontend up; admin seeded. | F8: 1. Login admin 2. /admin/regulations → New → save 3. detail → Verify 4. check Activity Log | G8: Reg in list; verified; audit_log row. | H8: Now | I8: Pass (verify) | J8: —
A9: T-02 | B9: Phase 1 · Survey | C9: Awareness survey EN/SI/TA | D9: RQ1 instrument works trilingually. | E9: Seeded; demo SME. | F9: 1. Login SME 2. /surveys/awareness switch EN→SI→TA 3. answer 12 + submit 4. admin responses view | G9: Response saved + visible; all langs render. | H9: Now | I9: Pass (verify) | J9: —
A10: T-03 | B10: Phase 2 · Spider | C10: Scrapy gazette spider | D10: Automated gazette discovery. | E10: Redis+backend; storage writable. | F10: 1. scrapy crawl gazette_spider (or admin trigger) 2. watch run | G10: N PDFs + N ingested rows. | H10: Now | I10: Pass (verify) | J10: —
A11: T-04 | B11: Phase 2 · Extract→Preprocess | C11: extract+preprocess pipeline | D11: PDFs → clean chunked text + metadata. | E11: Worker running; an ingested row. | F11: 1. start celery worker 2. extract_gazette → preprocess chains 3. query row | G11: ingested→extracted→preprocessed; metadata populated. | H11: Now | I11: Pass (verify) | J11: —
A12: T-05 | B12: Phase 2 · Extraction chain | C12: ml/m1/extraction tests | D12: Multi-engine routing correct. | E12: cd enigmatrix-ml. | F12: 1. uv run pytest tests/m1/extraction -v | G12: extraction tests pass; CER audit skips (no gold). | H12: Now | I12: Partial (gold pending) | J12: populate 50-PDF audit.
A13: T-07 | B13: Phase 2 · Upgrade | C13: Dataset + measurement | D13: Extraction quality measured vs golden. | E13: Backend up; golden xlsx. | F13: 1. /admin/datasets/m1 → create → upload golden 2. run extraction+measurement 3. comparison view | G13: Measurement run + per-field scores. | H13: Now | I13: Pass (verify) | J13: —
A14: T-09 | B14: Phase 3 · 3b Sampling | C14: sample_for_labeling | D14: Diverse first batch. | E14: cd enigmatrix-ml. | F14: 1. python scripts/sample_for_labeling.py --demo --dry-run 2. --demo | G14: batch_01.csv 200 rows, 3 langs. | H14: Now | I14: Pass (demo) | J14: make labeling-batch on prod DB.
A15: T-10 | B15: Phase 3 · 3c Gold | C15: Annotate ≥800 | D15: Training data (RQ1 gate). | E15: 3a passed. | F15: 1. make labeling-batch → Label Studio 2. AL batches + dual-annotate 3. export gold_standard.csv | G15: ≥800 labels ≥50/cat κ≥0.75. | H15: Not built | I15: Not built | J15: recruit annotators.
A16: T-11 | B16: Phase 3 · 3d Model | C16: m1/model tests + train | D16: Classifier code correct + trainable. | E16: uv sync --extra training; gold split. | F16: 1. uv run pytest tests/m1/model 2. mini-smoke train 3. train_xlmr 3-seed | G16: label/data tests pass now; full run F1≥0.92. | H16: Pending | I16: Partial (label/data tests pass) | J16: after 3c + GPU.
A17: T-12 | B17: Phase 3 · 3e Eval | C17: eval + baselines | D17: Prove F1≥0.92 + baselines. | E17: trained model + test.parquet. | F17: 1. m1.model.eval 2. m1.model.baselines | G17: metrics.json F1≥0.92, no cliff>8pp. | H17: Pending | I17: Pending | J17: run after 3d.
A18: T-13 | B18: Phase 3 · 3f Inference | C18: classify_gazette e2e | D18: Auto-classify preprocessed gazette. | E18: migration + ONNX model + M1_MODEL_ONNX_DIR. | F18: 1. alembic upgrade head 2. export_onnx --int8 3. worker classify_gazette 4. integration test | G18: preprocessed→classified; low-conf→review. | H18: Pending | I18: Pending | J18: run after 3d/3e.
... A24: T-19 | B24: Phase 5 · 5c Retraining | C24: retrain + rollback | D24: Sustain model quality. | E24: retrain.py built. | F24: 1. build retrain.py + canary 2. quarterly dry-run 3. inject F1 drop | G24: dry-run completes; auto-rollback fires. | H24: Not built | I24: Not built | J24: build 5c (next).

Sheet Status Rollup
A1: Status Rollup
A3: Status | B3: Count | C3: % of features
A4: Done | B4: =COUNTIF('Feature Register'!$D$2:$D$216,A4) -> 204 | C4: =IF($B$10=0,0,B4/$B$10) -> 0.94883721
A5: In Progress | B5: =COUNTIF('Feature Register'!$D$2:$D$216,A5) -> 7 | C5: =IF($B$10=0,0,B5/$B$10) -> 0.03255814
A6: Not Started | B6: =COUNTIF('Feature Register'!$D$2:$D$216,A6) -> 3 | C6: =IF($B$10=0,0,B6/$B$10) -> 0.013953488
A7: Blocked | B7: =COUNTIF('Feature Register'!$D$2:$D$216,A7) -> 0 | C7: =IF($B$10=0,0,B7/$B$10) -> 0
A8: Dropped | B8: =COUNTIF('Feature Register'!$D$2:$D$216,A8) -> 0 | C8: =IF($B$10=0,0,B8/$B$10) -> 0
A9: Unknown | B9: =COUNTIF('Feature Register'!$D$2:$D$216,A9) -> 1 | C9: =IF($B$10=0,0,B9/$B$10) -> 0.0046511628
A10: TOTAL | B10: =SUM(B4:B9) -> 215 | C10: 1

Sheet Gaps & Next
A1: Gaps & Next Actions
A3: Priority | B3: Item | C3: Status | D3: Unlocks | E3: Next action
A4: P0 | B4: Fix /admin/m1/pipeline/recent 503 (F-184) + reconcile F1 gate 0.80↔0.92 | C4: In Progress | D4: Demo integrity; correct thesis bar | E4: fix RSC 503; grep-replace 0.80→0.92.
A5: P1 | B5: 3c — Annotate to ≥800 gold labels | C5: Not Started | D5: RQ1 training data | E5: recruit annotators; make labeling-batch; calibrate; AL to 800.
A6: P1 | B6: 3d/3e/3f — train + eval + deploy classifier | C6: In Progress | D6: RQ1 macro-F1≥0.92 + operational | E6: after gold: uv sync --extra training; train on GPU; export ONNX; alembic upgrade head.
A7: P1 | B7: Apply Phase-3/4 migrations (202606300001–004) | C7: In Progress | D7: Classifier + propagation + alerts + lag views live | E7: cd enigmatrix-backend && uv run alembic upgrade head.
A8: P2 | B8: 4a/4b/4c — run watchers + alerts + analytics live | C8: In Progress | D8: Lag dataset + alert system + monitoring | E8: uv sync; confirm source URLs; run watchers; set SendGrid/Twilio; refresh_lag_analytics.
A9: P2 | B9: Frontend /alerts wiring (middleware + nav + client) | C9: In Progress | D9: Public + SME alerts section live | E9: add /alerts to middleware public routes; nav link; align lib/api/client.ts.
A10: P3 | B10: 5a — SME survey deployment (≥100) | C10: In Progress | D10: RQ3 awareness-lag data | E10: wire /portal/m1/survey; NEDA/Chamber; ethics.
A11: P3 | B11: 5b — run F1–F6 on real data | C11: In Progress | D11: Empirical thesis result | E11: uv sync --extra research; preregister; Run-All notebooks with DATABASE_URL.
A12: P3 | B12: 5c — Retraining + auto-rollback | C12: Not Started | D12: Sustainable model ops | E12: retrain.py + canary + m1_retraining_runs.
A13: Data | B13: SI/TA raw_text (cid:) re-extraction | C13: Not Started | D13: RQ2 (SI/TA F1) integrity | E13: re-extract SI/TA via OCR+Wijesekara before gold text.
